{"length":2,"width":4,"x":38.140000000000001,"y":224.94999999999999,"yaw":0}
{"length":2,"width":4,"x":39.140000000000015,"y":224.94999999999999,"yaw":0}
{"length":2,"width":4,"x":40.140000000000029,"y":224.94999999999999,"yaw":0}
{"length":2,"width":4,"x":41.140000000000043,"y":224.94999999999999,"yaw":0}
{"length":2,"width":4,"x":42.140000000000057,"y":224.94999999999999,"yaw":0}
{"length":2,"width":4,"x":43.140000000000072,"y":224.94999999999999,"yaw":0}
{"length":2,"width":4,"x":44.140000000000086,"y":224.94999999999999,"yaw":0}
{"length":2,"width":4,"x":45.1400000000001,"y":224.94999999999999,"yaw":0}
{"length":2,"width":4,"x":46.140000000000114,"y":224.94999999999999,"yaw":0}
{"length":2,"width":4,"x":47.140000000000128,"y":224.94999999999999,"yaw":0}
{"length":2,"width":4,"x":48.140000000000143,"y":224.94999999999999,"yaw":0}
{"length":2,"width":4,"x":49.140000000000157,"y":224.94999999999999,"yaw":0}
{"length":2,"width":4,"x":50.140000000000171,"y":224.94999999999999,"yaw":0}
{"length":2,"width":4,"x":51.140000000000185,"y":224.94999999999999,"yaw":0}
{"length":2,"width":4,"x":52.1400000000002,"y":224.94999999999999,"yaw":0}
{"length":2,"width":4,"x":53.140000000000214,"y":224.94999999999999,"yaw":0}
{"length":2,"width":4,"x":54.140000000000228,"y":224.94999999999999,"yaw":0}
{"length":2,"width":4,"x":55.140000000000242,"y":224.94999999999999,"yaw":0}
{"length":2,"width":4,"x":56.140000000000256,"y":224.94999999999999,"yaw":0}
{"length":2,"width":4,"x":57.140000000000271,"y":224.94999999999999,"yaw":0}
{"length":2,"width":4,"x":58.140000000000285,"y":224.94999999999999,"yaw":0}
{"length":2,"width":4,"x":59.140000000000299,"y":224.94999999999999,"yaw":0}
{"length":2,"width":4,"x":60.140000000000313,"y":224.94999999999999,"yaw":0}
{"length":2,"width":4,"x":61.140000000000327,"y":224.94999999999999,"yaw":0}
{"length":2,"width":4,"x":62.140000000000342,"y":224.94999999999999,"yaw":0}
{"length":2,"width":4,"x":63.140000000000356,"y":224.94999999999999,"yaw":0}
{"length":2,"width":4,"x":64.14000000000037,"y":224.94999999999999,"yaw":0}
{"length":2,"width":4,"x":65.140000000000384,"y":224.94999999999999,"yaw":0}
{"length":2,"width":4,"x":66.140000000000398,"y":224.94999999999999,"yaw":0}
{"length":2,"width":4,"x":67.140000000000413,"y":224.94999999999999,"yaw":0}
{"length":2,"width":4,"x":68.140000000000427,"y":224.94999999999999,"yaw":0}
{"length":2,"width":4,"x":69.140000000000441,"y":224.94999999999999,"yaw":0}
{"length":2,"width":4,"x":70.140000000000455,"y":224.94999999999999,"yaw":0}
{"length":2,"width":4,"x":71.14000000000047,"y":224.94999999999999,"yaw":0}
{"length":2,"width":4,"x":72.140000000000484,"y":224.94999999999999,"yaw":0}
{"length":2,"width":4,"x":73.140000000000498,"y":224.94999999999999,"yaw":0}
{"length":2,"width":4,"x":74.140000000000512,"y":224.94999999999999,"yaw":0}
{"length":2,"width":4,"x":75.140000000000526,"y":224.94999999999999,"yaw":0}
{"length":2,"width":4,"x":76.140000000000541,"y":224.94999999999999,"yaw":0}
{"length":2,"width":4,"x":77.140000000000555,"y":224.94999999999999,"yaw":0}
{"length":2,"width":4,"x":78.140000000000569,"y":224.94999999999999,"yaw":0}
{"length":2,"width":4,"x":79.140000000000583,"y":224.94999999999999,"yaw":0}
{"length":2,"width":4,"x":80.140000000000597,"y":224.94999999999999,"yaw":0}
{"length":2,"width":4,"x":81.140000000000612,"y":224.94999999999999,"yaw":0}
{"length":2,"width":4,"x":82.140000000000626,"y":224.94999999999999,"yaw":0}
{"length":2,"width":4,"x":83.14000000000064,"y":224.94999999999999,"yaw":0}
{"length":2,"width":4,"x":84.140000000000654,"y":224.94999999999999,"yaw":0}
{"length":2,"width":4,"x":85.140000000000668,"y":224.94999999999999,"yaw":0}
{"length":2,"width":4,"x":86.140000000000683,"y":224.94999999999999,"yaw":0}
{"length":2,"width":4,"x":87.140000000000697,"y":224.94999999999999,"yaw":0}
{"length":2,"width":4,"x":88.140000000000711,"y":224.94999999999999,"yaw":0}
{"length":2,"width":4,"x":89.140000000000725,"y":224.94999999999999,"yaw":0}
{"length":2,"width":4,"x":90.14000000000074,"y":224.94999999999999,"yaw":0}
{"length":2,"width":4,"x":91.140000000000754,"y":224.94999999999999,"yaw":0}
{"length":2,"width":4,"x":92.140000000000768,"y":224.94999999999999,"yaw":0}
{"length":2,"width":4,"x":93.139378394993798,"y":224.92885391663899,"yaw":-0.10579618842507899}
{"length":2,"width":4,"x":94.122649095247894,"y":224.75365729690819,"yaw":-0.28212316913354396}
{"length":2,"width":4,"x":95.059941761289338,"y":224.40869703292384,"yaw":-0.45845014984200894}
{"length":2,"width":4,"x":95.922190261148927,"y":223.90467059509231,"yaw":-0.63477713055047391}
{"length":2,"width":4,"x":96.682655637406896,"y":223.25720821235791,"yaw":-0.81110411125893889}
{"length":2,"width":4,"x":97.317755301843775,"y":222.48638816735686,"yaw":-0.98743109196740386}
{"length":2,"width":4,"x":97.807794348771139,"y":221.61611415416917,"yaw":-1.1637580726758694}
{"length":2,"width":4,"x":98.137576308479936,"y":220.67337400726021,"yaw":-1.3400850533843349}
{"length":2,"width":4,"x":98.296874400894623,"y":219.68740278897019,"yaw":-1.5164120340928005}
{"length":2,"width":4,"x":98.280748675512783,"y":218.68877618882169,"yaw":-1.692739014801266}
{"length":2,"width":4,"x":98.229423312935566,"y":217.69133905661758,"yaw":-1.5164120340928005}
{"length":2,"width":4,"x":98.353858901259144,"y":216.70036432944144,"yaw":-1.3400850533843349}
{"length":2,"width":4,"x":98.650196601763341,"y":215.74658285929056,"yaw":-1.1637580726758694}
{"length":2,"width":4,"x":99.109246765342377,"y":214.85957210802462,"yaw":-0.98743109196740397}
{"length":2,"width":4,"x":99.71677391025348,"y":214.06683892861341,"yaw":-0.88163490354232499}
{"length":2,"width":4,"x":100.29597306391979,"y":213.25317839378607,"yaw":-1.0579618842507901}
{"length":2,"width":4,"x":100.72346350642069,"y":212.35053391941443,"yaw":-1.2342888649592556}
{"length":2,"width":4,"x":100.98598844607572,"y":211.38689717167054,"yaw":-1.4106158456677211}
{"length":2,"width":4,"x":101.14548482598714,"y":210.39969865830301,"yaw":-1.4106158456677211}
{"length":2,"width":4,"x":101.30498120589856,"y":209.41250014493548,"yaw":-1.4106158456677211}
{"length":2,"width":4,"x":101.46447758580997,"y":208.42530163156795,"yaw":-1.4106158456677211}
{"length":2,"width":4,"x":101.62397396572139,"y":207.43810311820042,"yaw":-1.4106158456677211}
{"length":2,"width":4,"x":101.78347034563281,"y":206.45090460483289,"yaw":-1.4106158456677211}
{"length":2,"width":4,"x":101.94296672554422,"y":205.46370609146535,"yaw":-1.4106158456677211}
{"length":2,"width":4,"x":102.10246310545564,"y":204.47650757809782,"yaw":-1.4106158456677211}
{"length":2,"width":4,"x":102.26195948536706,"y":203.48930906473029,"yaw":-1.4106158456677211}
{"length":2,"width":4,"x":102.42145586527847,"y":202.50211055136276,"yaw":-1.4106158456677211}
{"length":2,"width":4,"x":102.58095224518989,"y":201.51491203799523,"yaw":-1.4106158456677211}
{"length":2,"width":4,"x":102.74044862510131,"y":200.5277135246277,"yaw":-1.4106158456677211}
{"length":2,"width":4,"x":102.89994500501273,"y":199.54051501126017,"yaw":-1.4106158456677211}
{"length":2,"width":4,"x":103.05944138492414,"y":198.55331649789264,"yaw":-1.4106158456677211}
{"length":2,"width":4,"x":103.21893776483556,"y":197.56611798452511,"yaw":-1.4106158456677211}
{"length":2,"width":4,"x":103.37843414474698,"y":196.57891947115758,"yaw":-1.4106158456677211}
{"length":2,"width":4,"x":103.53793052465839,"y":195.59172095779005,"yaw":-1.4106158456677211}
{"length":2,"width":4,"x":103.69742690456981,"y":194.60452244442251,"yaw":-1.4106158456677211}
{"length":2,"width":4,"x":103.85692328448123,"y":193.61732393105498,"yaw":-1.4106158456677211}
{"length":2,"width":4,"x":104.01641966439264,"y":192.63012541768745,"yaw":-1.4106158456677211}
{"length":2,"width":4,"x":104.17591604430406,"y":191.64292690431992,"yaw":-1.4106158456677211}
{"length":2,"width":4,"x":104.33541242421548,"y":190.65572839095239,"yaw":-1.4106158456677211}
{"length":2,"width":4,"x":104.49490880412689,